dttm,lon,lat,temp,sal,fluor,wind_sp,wind_dir
2015-03-26T03:00:06.000Z,172.824395,-43.59153500000001,17.0558,34.2252,6.28,6.9,209.5
2015-03-26T04:00:07.000Z,172.96677833333337,-43.579316666666664,17.4809,34.4057,4.04,4.46,143.51
2015-03-26T05:00:08.000Z,173.10624666666666,-43.58682333333332,16.9475,34.4978,5.01,13.42,186.66
2015-03-26T06:00:08.000Z,173.24727500000003,-43.567209999999996,15.9562,34.4506,5.72,20.69,183.61
2015-03-26T07:00:09.000Z,173.3975866666667,-43.546065,15.8244,34.4318,4.56,19.97,191.52
2015-03-26T08:00:10.000Z,173.50293333333335,-43.519743333333324,15.2949,34.5839,2.25,15.48,184.01
2015-03-26T09:00:11.000Z,173.5898333333333,-43.50148333333334,15.068,34.6158,2.98,14.45,178.04
2015-03-26T10:00:12.000Z,173.68207833333332,-43.47280333333333,14.5624,34.641,3.05,18.09,187.58
2015-03-26T11:00:12.000Z,173.73209,-43.44570999999999,14.4309,34.6412,3.1,12.26,174.36
2015-03-26T12:00:13.000Z,173.74306666666664,-43.42386833333333,14.4888,34.6488,2.87,12.52,189.4
2015-03-26T13:00:14.000Z,173.89496333333335,-43.41504,13.7856,34.577,4.14,11.48,185.6
2015-03-26T14:00:15.000Z,174.04493000000002,-43.408674999999995,14.0036,34.5751,3.39,7.52,177.71
2015-03-26T15:00:16.000Z,174.20976499999998,-43.40007333333333,14.1808,34.5193,3.03,12.48,176.61
2015-03-26T16:00:16.000Z,174.37748666666667,-43.40175166666666,15.8552,34.8742,4.5,10.8,203.02
2015-03-26T17:00:17.000Z,174.546445,-43.40682833333334,15.5019,34.7618,5.36,12.25,174.24
2015-03-26T18:00:18.000Z,174.71073833333335,-43.40401833333334,15.793,34.8348,4.59,15.09,159.16
2015-03-26T19:00:19.000Z,174.85855333333336,-43.39685500000001,16.124,34.9505,4.18,13.5,170.77
2015-03-26T20:00:20.000Z,175.01703166666667,-43.39211,16.8159,35.1304,6.42,10.89,157.98
2015-03-26T21:00:20.000Z,175.02908999999997,-43.38584333333333,16.7533,35.1074,5.96,5.61,120.37
2015-03-26T22:00:21.000Z,174.99493,-43.382303333333326,16.8204,35.124,5.85,4.2,179.43
2015-03-26T23:00:22.000Z,175.1231966666667,-43.378009999999996,16.4111,35.0376,8.22,11.16,152.34
2015-03-27T00:00:23.000Z,175.27336499999998,-43.37913166666667,15.7734,34.966,3.77,9.73,150.21
2015-03-27T01:00:24.000Z,175.41882999999999,-43.382870000000004,15.9789,34.9642,4,5.41,160.83
2015-03-27T02:00:25.000Z,175.5474833333333,-43.37817833333334,15.9868,34.8232,4.01,7.83,134.05
2015-03-27T03:00:25.000Z,175.56829,-43.364461666666664,15.7928,34.7731,4.68,10.5,169.89
2015-03-27T04:00:26.000Z,175.70027166666668,-43.357908333333334,15.4232,34.6075,6.7,11,161.96
2015-03-27T05:00:27.000Z,175.8428466666667,-43.334966666666666,15.1956,34.553,5.81,19.67,132.13
2015-03-27T06:00:28.000Z,175.99826,-43.292989999999996,16.5219,34.9953,5.29,13.93,128.24
2015-03-27T07:00:29.000Z,176.13344500000002,-43.24464333333333,16.8588,35.0749,4.92,17.87,124.14
2015-03-27T08:00:29.000Z,176.2671233333333,-43.18043833333332,16.2444,34.9401,5.49,14.21,119.04
2015-03-27T09:00:30.000Z,176.3522133333333,-43.15089,15.8651,34.6844,5.09,10.76,111.62
2015-03-27T10:00:31.000Z,176.34286166666666,-43.17567999999999,15.839,34.7402,3.28,12.9,81.33
2015-03-27T11:00:32.000Z,176.35139,-43.200293333333335,16.2959,34.9262,4.69,14.35,75.06
2015-03-27T12:00:33.000Z,176.41086,-43.19491500000001,16.0768,34.8998,5.11,8.52,102.75
2015-03-27T13:00:33.000Z,176.54310166666667,-43.22381333333333,15.7637,34.7018,4.85,10.41,76.71
2015-03-27T14:00:34.000Z,176.65945999999997,-43.25522833333332,16.2075,34.8729,4.36,8.55,76.09
2015-03-27T15:00:35.000Z,176.77673500000003,-43.287578333333336,16.3268,34.8965,3.12,10.22,103.39
2015-03-27T16:00:36.000Z,176.90099166666667,-43.32293333333334,16.4711,34.8528,3.12,12.4,85.58
2015-03-27T17:00:37.000Z,177.02302999999998,-43.36069000000001,16.5638,34.8674,2.79,13.1,82.79
2015-03-27T18:00:38.000Z,177.15168666666668,-43.40308166666667,16.2365,34.8088,3.96,12.35,90.86
2015-03-27T19:00:38.000Z,177.2808216666667,-43.45474166666666,15.8459,34.7554,8.67,11.6,99.93
2015-03-27T20:00:39.000Z,177.419645,-43.49322,16.118,34.8272,5.5,14.66,67.17
2015-03-27T21:00:40.000Z,177.42982666666666,-43.506795,16.2494,34.8451,3.63,13.39,73.05
2015-03-27T22:00:41.000Z,177.4329833333333,-43.524280000000005,16.4018,34.8384,2.84,17.7,62.4
2015-03-27T23:00:42.000Z,177.55745666666667,-43.56621666666667,16.2555,34.9078,3.38,12.14,71.93
2015-03-28T00:00:42.000Z,177.67561666666668,-43.58764333333334,16.3597,34.9233,2.59,17.49,72.4
2015-03-28T01:00:43.000Z,177.72153666666665,-43.502741666666665,16.323,34.88,3.02,15.34,54.84
2015-03-28T02:00:44.000Z,177.76679666666664,-43.415458333333326,16.2664,34.8191,3.94,16.46,58.27
2015-03-28T03:00:45.000Z,177.8057266666667,-43.339081666666665,16.1665,34.7656,4.93,20.63,58.44
2015-03-28T04:00:46.000Z,177.91397166666667,-43.34457000000001,15.878,34.6684,10.89,17.39,58.07
2015-03-28T05:00:46.000Z,178.04930833333333,-43.36360500000001,16.0305,34.6522,6.32,19.01,54.2
2015-03-28T06:00:47.000Z,178.19256999999996,-43.378878333333326,16.1565,34.6654,6.27,13.13,69.02
2015-03-28T07:00:48.000Z,178.34201666666667,-43.39182333333333,15.9819,34.684,7.3,19.88,58.01
2015-03-28T08:00:49.000Z,178.48718833333334,-43.40161666666666,15.9947,34.6442,7.78,18.42,42.18
2015-03-28T09:00:50.000Z,178.6319733333333,-43.40875166666666,16.0447,34.6576,7.26,18.19,57.03
2015-03-28T10:00:51.000Z,178.77598666666665,-43.413953333333325,16.145,34.6865,6.74,14.86,71.9
2015-03-28T11:00:51.000Z,178.8560083333333,-43.43198333333333,16.0229,34.6748,8.11,19.06,47.84
2015-03-28T12:00:52.000Z,178.87544499999998,-43.465803333333334,16.3094,34.7145,5.66,17.14,50.81
2015-03-28T13:00:53.000Z,178.97876666666664,-43.479015,15.7565,34.5541,9.43,21.61,12.79
2015-03-28T14:00:54.000Z,179.08023333333333,-43.491196666666674,15.7421,34.5968,11.14,16.48,57.82
2015-03-28T15:00:55.000Z,179.1980216666667,-43.507531666666665,16.078,34.662,5.94,16.48,40.18
2015-03-28T16:00:56.000Z,179.32820999999998,-43.522491666666674,16.3558,34.7728,5.04,22.11,25.6
2015-03-28T17:00:56.000Z,179.46517333333335,-43.541715,16.4713,34.7927,3.7,14.14,35.04
2015-03-28T18:00:57.000Z,179.6043916666667,-43.561481666666666,16.5417,34.7663,3.67,19.54,32.82
2015-03-28T19:00:58.000Z,179.7533566666667,-43.58513333333334,16.3844,34.7659,4.23,18.5,25.86
2015-03-28T20:00:59.000Z,179.90661833333328,-43.604051666666656,16.3592,34.7867,4.2,19.21,32.1
2015-03-28T21:00:00.000Z,179.9383933333333,-43.62779666666666,16.6125,34.8281,3.06,23.7,11.86
2015-03-28T22:00:01.000Z,179.9700783333333,-43.651806666666666,16.837,34.8838,3.13,25.51,27.2
2015-03-28T23:00:28.000Z,-179.91974166666665,-43.670625,17.0158,35.0524,2.08,19.35,4.54
2015-03-29T00:00:29.000Z,-179.78479166666668,-43.685478333333336,16.8393,34.9896,2.33,17.21,11.51
2015-03-29T01:00:30.000Z,-179.6438116666667,-43.70088166666666,16.8671,34.9948,1.99,17.49,0.98
2015-03-29T02:00:31.000Z,-179.49609499999997,-43.72059833333333,17.0597,35.0828,2.07,18.27,358.48
2015-03-29T03:00:32.000Z,-179.37330166666663,-43.74124833333334,16.9004,35.0219,2.24,18.56,5.88
2015-03-29T04:00:33.000Z,-179.2315483333333,-43.755313333333326,16.5806,34.9181,3.58,17.98,29.9
2015-03-29T05:00:33.000Z,-179.11139166666666,-43.76834333333333,16.2675,34.8265,3.49,19.49,25.9
2015-03-29T06:00:34.000Z,-178.98168666666666,-43.78442833333334,16.3207,34.7855,4.87,12.18,19.7
2015-03-29T07:00:35.000Z,-178.86782333333332,-43.800293333333336,16.3797,34.8354,3.87,19.57,27.85
2015-03-29T08:00:36.000Z,-178.74443999999994,-43.81384,16.3711,34.7714,5.4,17.19,18.92
2015-03-29T09:00:37.000Z,-178.674985,-43.82563666666667,16.3992,34.7567,5.59,20.13,30.72
2015-03-29T22:00:47.000Z,-177.39989833333337,-44.08448833333334,16.3948,34.8278,2.05,13.25,0.13
2015-03-29T23:00:48.000Z,-177.23571166666665,-44.05055333333333,16.6274,34.9985,2.11,11.01,333.89
2015-03-30T00:00:49.000Z,-177.0581666666667,-44.018421666666676,15.783,34.8869,4.19,16.55,320.8
2015-03-30T01:00:50.000Z,-176.87710833333333,-43.98308999999999,15.7725,34.887,3.67,13.56,300.95
2015-03-30T02:00:50.000Z,-176.69647833333335,-43.94209833333333,15.6337,34.8828,4.09,16.58,309.31
2015-03-30T03:00:51.000Z,-176.565455,-43.93160833333334,16.1107,34.8121,5.5,17.86,301.27
2015-04-01T19:00:36.000Z,-176.61404000000002,-43.946176666666666,15.4874,34.8634,4.69,13.26,278.42
2015-04-01T20:00:37.000Z,-176.71881999999997,-43.98088500000001,15.3363,34.8863,3.38,14.16,287.61
2015-04-01T21:00:37.000Z,-176.76534833333335,-44.048073333333335,15.406,34.8932,3.23,17.28,262.85
2015-04-01T22:00:38.000Z,-176.7525316666667,-44.06243333333334,15.492,34.892,3.63,9.37,304.07
2015-04-01T23:00:39.000Z,-176.72823,-44.06098833333334,15.5283,34.8899,3.05,12.83,298.59
2015-04-02T00:00:40.000Z,-176.7063816666667,-44.11623,15.5136,34.8966,2.92,13.85,293.53
2015-04-02T01:00:41.000Z,-176.67631,-44.17347666666666,15.5375,34.8957,2.99,11.82,307.4
2015-04-02T02:00:41.000Z,-176.5280683333333,-44.163386666666675,15.5528,34.8968,2.62,11.53,283.69
2015-04-02T03:00:42.000Z,-176.422425,-44.14295833333334,15.5565,34.9046,3.18,10.52,273.86
2015-04-02T04:00:43.000Z,-176.32802833333335,-44.126561666666674,15.5818,34.898,3.32,7.18,299.49
2015-04-02T05:00:44.000Z,-176.22100833333334,-44.11506833333333,15.6292,34.8843,3.6,12.36,284.79
2015-04-02T06:00:45.000Z,-176.1063066666667,-44.10618500000001,15.7454,34.886,3.75,11.73,296.23
2015-04-02T07:00:46.000Z,-175.97715666666667,-44.097055000000005,15.6108,34.9003,3.56,13.11,311.04
2015-04-02T08:00:46.000Z,-175.8305883333333,-44.10055666666668,15.5176,34.8981,3.58,15.08,327.06
2015-04-02T09:00:47.000Z,-175.67337333333333,-44.09733500000001,15.7967,34.8974,4.57,13.4,304.75
2015-04-02T10:00:48.000Z,-175.57334333333336,-44.09374666666666,15.9418,34.9046,4.19,17.79,310.24
2015-04-02T11:00:49.000Z,-175.48057,-44.07930666666667,15.7597,34.8934,3.81,13.35,292.93
2015-04-02T12:00:50.000Z,-175.3429766666667,-44.07712833333334,15.7906,34.9351,3.93,16.81,300.51
2015-04-02T13:00:50.000Z,-175.18023999999997,-44.06812,15.9446,34.95,3.3,21.87,300.31
2015-04-02T14:00:51.000Z,-175.02089333333336,-44.055279999999996,15.87,35.0286,3.46,16.61,277.85
2015-04-02T15:00:52.000Z,-174.8531416666667,-44.042678333333335,15.815,35.0421,4.27,21.96,285.15
2015-04-02T16:00:53.000Z,-174.68724666666662,-44.03845833333333,16.0722,35.1253,3.75,23.66,270.72
2015-04-02T17:00:54.000Z,-174.51608333333334,-44.031258333333334,16.0127,35.1205,3.46,24.68,288.75
2015-04-02T18:00:55.000Z,-174.34234666666663,-44.02015,15.9539,35.1038,3.42,20.92,292.53
2015-04-02T19:00:55.000Z,-174.17254666666668,-43.99151333333333,16.0284,35.1363,4.05,20.99,278.92
2015-04-02T20:00:56.000Z,-174.10098999999997,-43.98101833333333,16.0255,35.1384,3.86,22.77,290.95
2015-04-02T21:00:57.000Z,-174.07469333333333,-43.95859666666667,16.0462,35.1345,3.6,15.75,291.28
2015-04-02T22:00:58.000Z,-174.05462,-43.92701333333333,16.4723,35.1202,5.71,22.18,271.9
2015-04-02T23:00:59.000Z,-173.99620000000002,-43.86249666666666,16.1229,35.1498,2.91,17.93,256.02
2015-04-03T00:00:59.000Z,-173.9131583333333,-43.78411333333334,16.108,35.065,2.7,19.56,234.41
2015-04-03T01:00:00.000Z,-173.81250666666668,-43.747651666666656,16.1355,35.0602,3.38,21.56,241.18
2015-04-03T02:00:01.000Z,-173.66683666666668,-43.739025000000005,16.1649,35.071,3.91,31.18,186.64
2015-04-03T03:00:02.000Z,-173.49193000000002,-43.69237,16.045,35.0642,4.14,26.74,190.09
2015-04-03T04:00:03.000Z,-173.32586999999998,-43.64760999999999,16.4355,35.1617,3.06,26.89,186.25
2015-04-03T05:00:03.000Z,-173.1683983333333,-43.598130000000005,16.2065,35.1537,3.89,21.23,183.27
2015-04-03T06:00:04.000Z,-173.02784166666666,-43.55443,15.8956,35.0892,4.19,20.18,173.82
2015-04-03T07:00:05.000Z,-172.89779666666666,-43.503865,16.5673,35.1645,2.73,21.03,163.57
2015-04-03T08:00:06.000Z,-172.78929000000002,-43.45091333333333,16.4798,35.1248,2.94,17.42,162.66
2015-04-03T09:00:46.000Z,-172.69100833333337,-43.39451000000001,16.3637,35.1195,3,16.7,164.18
2015-04-03T10:00:47.000Z,-172.60403666666667,-43.35396000000001,16.1569,35.0918,3.36,13.16,174.85
2015-04-03T11:00:48.000Z,-172.54835000000003,-43.32477,16.208,35.099,3.33,11.67,126.34
2015-04-03T12:00:49.000Z,-172.5539216666667,-43.317629999999994,16.2499,35.1116,2.98,10.56,170.1
2015-04-03T13:00:49.000Z,-172.4176116666667,-43.29508333333334,16.2215,35.1024,3.21,12.25,138.34
2015-04-03T14:00:50.000Z,-172.27550333333332,-43.264945000000004,16.2317,35.1049,3.03,9.49,133.98
2015-04-03T15:00:51.000Z,-172.13601666666668,-43.235666666666674,16.2021,35.1032,3.41,4.37,135.44
2015-04-03T16:00:52.000Z,-171.99534166666666,-43.21229333333334,16.3228,35.1242,2.8,8.96,140.16
2015-04-03T17:00:53.000Z,-171.86054833333336,-43.174465,16.3846,35.1179,3.34,1.2,211.98
2015-04-03T18:00:54.000Z,-171.72399499999997,-43.13504833333334,16.426,35.1267,3.2,6.48,152.73
2015-04-03T19:00:54.000Z,-171.59294000000003,-43.09831166666666,16.3996,35.1204,3.28,11.89,164.56
2015-04-03T20:00:55.000Z,-171.46499666666668,-43.064351666666674,16.4952,35.1362,2.44,6.62,18.45
2015-04-03T21:00:56.000Z,-171.33549000000002,-43.030611666666665,16.6781,35.1511,1.89,4.02,50.39
2015-04-03T22:00:57.000Z,-171.20321833333335,-43.00056666666666,16.406,35.1028,1.68,4.61,117.52
2015-04-03T23:00:58.000Z,-171.17438666666663,-43.001736666666666,16.4171,35.1069,2.02,7.98,14.82
2015-04-04T00:00:58.000Z,-171.16909500000003,-43.012445,16.4429,35.1036,2.05,7.56,8.93
2015-04-04T01:00:59.000Z,-171.03075166666667,-43.025661666666664,16.5642,35.0955,1.66,7.96,7.64
2015-04-04T02:00:00.000Z,-170.88762833333328,-43.03907833333333,16.5983,35.1312,1.68,8.4,4.58
2015-04-04T03:00:01.000Z,-170.74866666666665,-43.054043333333325,16.5054,35.1325,2.16,7.32,335.97
2015-04-04T04:00:02.000Z,-170.59834333333336,-43.063230000000004,16.5031,35.091,2.54,14.54,4.28
2015-04-04T05:00:02.000Z,-170.4488033333333,-43.07465166666666,16.497,35.1078,2.52,12.26,353.29
2015-04-04T06:00:03.000Z,-170.29770500000004,-43.05813,16.4048,35.0816,2.3,9.13,330.46
2015-04-04T07:00:04.000Z,-170.12652333333335,-43.04307000000001,16.3333,35.0723,2.39,11.41,355.15
2015-04-04T08:00:05.000Z,-169.97364333333337,-43.03098833333334,16.342,35.0919,2.47,16.72,358.74
2015-04-04T09:00:06.000Z,-169.84544666666667,-43.02943166666667,16.4796,35.1698,2.7,14.21,2.32
2015-04-04T10:00:06.000Z,-169.79804666666666,-43.04094,16.4364,35.1465,2.96,13.7,350.44
2015-04-04T11:00:07.000Z,-169.74715833333335,-43.044425,16.3994,35.1243,2.89,16.71,2.74
2015-04-04T12:00:08.000Z,-169.63093666666666,-43.04245666666667,16.3068,35.0964,2.54,15.11,1.35
2015-04-04T13:00:09.000Z,-169.48190166666672,-43.032645,16.2533,35.068,2.47,14.43,358.11
2015-04-04T14:00:10.000Z,-169.334545,-43.01942000000001,15.7126,34.9986,5.69,14.39,338.55
2015-04-04T15:00:11.000Z,-169.18836999999996,-43.011058333333324,16.1228,35.1073,4.09,19.37,343.44
2015-04-04T16:00:11.000Z,-169.04736,-42.99576833333334,15.5978,34.9726,5.39,10.95,9.5
2015-04-04T17:00:12.000Z,-168.9186266666667,-42.98104166666667,15.5851,34.7327,4.54,17.36,357.83
2015-04-04T18:00:13.000Z,-168.77447333333333,-42.972361666666664,15.5213,34.6725,4.75,16.45,347.03
2015-04-04T19:00:14.000Z,-168.61888833333336,-42.96887666666666,15.6111,34.6914,3.8,15.89,343.69
2015-04-04T20:00:15.000Z,-168.46711333333334,-42.96208666666667,15.5816,34.7127,2.33,16.98,342.51
2015-04-04T21:00:15.000Z,-168.44440500000002,-42.97973000000001,15.6242,34.7045,2.61,20.43,343.12
2015-04-04T22:00:16.000Z,-168.417055,-42.98828833333334,15.5946,34.7045,2.69,18.01,322.05
2015-04-04T23:00:17.000Z,-168.33318333333335,-42.979290000000006,15.7,34.7656,1.84,14.51,308.72
2015-04-05T00:00:18.000Z,-168.17958666666667,-42.97449833333334,15.7296,34.7653,1.91,21.37,304.97
2015-04-05T01:00:19.000Z,-168.02005000000003,-42.969035,16.0254,34.8659,2.11,18.15,301
2015-04-05T02:00:19.000Z,-167.84617999999998,-42.957330000000006,15.9884,34.9214,3.45,21.06,298.16
2015-04-05T03:00:20.000Z,-167.66729333333333,-42.94876666666668,15.9025,34.8943,3.21,23.06,303.14
2015-04-05T04:00:21.000Z,-167.47892499999998,-42.935469999999995,NA,NA,NA,22.64,307.66
2015-04-05T05:00:22.000Z,-167.28461166666668,-42.918018333333336,15.8223,34.805,2.99,20.77,311.67
2015-04-05T06:00:23.000Z,-167.09957,-42.90145999999999,16.0843,34.9399,3.01,22.19,293.38
2015-04-05T07:00:24.000Z,-166.95708166666668,-42.86527333333334,16.0385,34.9613,2.93,33.19,233.22
2015-04-05T08:00:24.000Z,-166.82033833333335,-42.88879666666667,15.9598,34.9474,2.86,23.27,259.4
2015-04-05T09:00:25.000Z,-166.69551833333335,-42.94345666666667,15.8148,34.7059,4.75,23.19,256.12
2015-04-05T10:00:26.000Z,-166.5714616666667,-42.98231500000001,15.8998,34.7065,4.62,20.24,237.08
2015-04-05T11:00:27.000Z,-166.4692933333333,-42.98960499999999,15.7524,34.6934,5.3,16.34,245.3
2015-04-05T12:00:28.000Z,-166.4462783333333,-42.96744333333332,NA,NA,NA,21.22,236.27
2015-04-05T13:00:28.000Z,-166.3341283333333,-42.987384999999996,15.2501,34.7107,5.5,21.33,251.62
2015-04-05T14:00:29.000Z,-166.20052333333334,-43.00391166666667,15.1401,34.7142,5.54,24.24,224.24
2015-04-05T15:00:30.000Z,-166.05855499999996,-42.999653333333335,15.1357,34.7175,5.09,13,233.3
2015-04-05T16:00:31.000Z,-165.91711000000004,-42.99026833333335,15.0128,34.6954,5.46,24,233.19
2015-04-05T17:00:32.000Z,-165.772185,-42.97501166666666,14.9506,34.7044,4.92,24.76,205.67
2015-04-05T18:00:33.000Z,-165.617315,-42.948805,14.9638,34.6963,5.08,26.78,214.07
2015-04-05T19:00:33.000Z,-165.46953166666668,-42.92026500000001,14.9523,34.6885,4.68,26.06,201.98
2015-04-05T20:00:34.000Z,-165.3227183333333,-42.887049999999995,15.142,34.6879,2.96,22.14,206.03
2015-04-05T21:00:35.000Z,-165.33299333333332,-42.86210666666666,15.0771,34.679,3.38,27.12,206.11
2015-04-05T22:00:36.000Z,-165.3352816666667,-42.839200000000005,15.036,34.6705,3.48,19.31,202.06
2015-04-05T23:00:36.000Z,-165.3617583333333,-42.82073,14.6807,34.6597,4.54,17.76,208.41
2015-04-06T00:00:37.000Z,-165.2200066666667,-42.78249999999999,14.9337,34.6588,3.14,25.88,190.26
2015-04-06T01:00:38.000Z,-165.070565,-42.73724166666666,15.0104,34.6497,2.69,31.43,186.95
2015-04-06T02:00:39.000Z,-164.92433333333332,-42.6847,15.0137,34.6505,2.37,25.72,187.09
2015-04-06T03:00:40.000Z,-164.78103499999997,-42.63403666666666,14.8532,34.63,2.24,33.01,188.53
2015-04-06T04:00:40.000Z,-164.69060833333333,-42.604805000000006,15.2971,34.6745,5.76,16,203.5
2015-04-06T05:00:41.000Z,-164.61296833333336,-42.55973166666666,15.8014,34.7511,4.93,6.97,202.67
2015-04-06T06:00:42.000Z,-164.50553333333332,-42.505855000000004,16.0875,34.7662,4.2,23.23,177.25
2015-04-06T07:00:43.000Z,-164.37939333333333,-42.43706,16.1393,34.7841,4.43,19.03,164.62
2015-04-06T08:00:44.000Z,-164.25365000000002,-42.38429666666666,16.0357,34.6845,4.01,25.21,172.85
2015-04-06T09:00:45.000Z,-164.16331666666665,-42.34207666666666,16.1225,34.7714,4.39,18.73,157.87
2015-04-06T10:00:45.000Z,-164.16093500000002,-42.31207,16.1252,34.7442,4.4,14.65,165.37
2015-04-06T11:00:46.000Z,-164.20927333333339,-42.30241666666667,16.126,34.7293,4.49,18.57,166.16
2015-04-06T12:00:47.000Z,-164.16877499999998,-42.274431666666665,15.7506,34.6133,4.12,14.75,171.84
2015-04-06T13:00:48.000Z,-164.09774499999997,-42.23826999999999,15.7075,34.6069,4.13,13.19,183.57
2015-04-06T14:00:49.000Z,-163.9661616666667,-42.18571166666668,15.8138,34.6292,3.61,17.63,194.81
2015-04-06T15:00:50.000Z,-163.823595,-42.14432000000001,15.72,34.6069,3.95,15.58,179.95
2015-04-06T16:00:50.000Z,-163.68254833333333,-42.10096166666667,15.6125,34.609,3.7,15.44,181.43
2015-04-06T17:00:51.000Z,-163.54290333333333,-42.05655666666667,15.38,34.6288,4.08,17.86,154.98
2015-04-06T18:00:52.000Z,-163.39312166666667,-42.01233333333333,15.3666,34.6012,4.16,13.61,161.99
2015-04-06T19:00:53.000Z,-163.25043166666669,-41.962275,15.3096,34.5929,2.92,17.03,173.72
2015-04-06T20:00:54.000Z,-163.113735,-41.917989999999996,15.4392,34.5888,2.28,17.36,144.21
2015-04-06T21:00:55.000Z,-163.09336499999998,-41.898965,15.5793,34.5813,2.28,11.49,130.47
2015-04-06T22:00:55.000Z,-163.11070833333335,-41.89752166666667,15.597,34.5798,1.91,11.81,79.67
2015-04-06T23:00:56.000Z,-163.06172166666664,-41.87926166666666,15.6403,34.5796,1.81,11.12,133.78
2015-04-07T00:00:57.000Z,-162.91384,-41.832634999999996,15.7908,34.5716,1.8,15.86,152.19
2015-04-07T01:00:58.000Z,-162.77060833333334,-41.778303333333334,16.0201,34.586,1.76,16.26,142.58
2015-04-07T02:00:59.000Z,-162.6279383333333,-41.728453333333334,16.0038,34.5716,1.9,11.33,129.08
2015-04-07T03:00:59.000Z,-162.5047616666667,-41.689871666666676,15.6498,34.5681,2.82,10.35,114.94
2015-04-07T04:00:00.000Z,-162.37220833333336,-41.644709999999996,15.707,34.5569,3.64,14.6,137.8
2015-04-07T05:00:01.000Z,-162.23488333333333,-41.60261500000001,15.9548,34.5934,3.47,15.27,147.31
2015-04-07T06:00:02.000Z,-162.09191,-41.563156666666664,16.3076,34.6627,3.71,12.11,136.45
2015-04-07T07:00:03.000Z,-161.95285833333335,-41.52531333333333,16.3716,34.6819,3.6,13.69,136.39
2015-04-07T08:00:03.000Z,-161.82035166666665,-41.49931166666667,16.5729,34.7131,4.2,6.58,97.34
2015-04-07T09:00:04.000Z,-161.69205666666667,-41.51498333333333,16.5656,34.6929,3.97,8.93,132.65
2015-04-07T10:00:05.000Z,-161.60419833333333,-41.57253999999999,16.4358,34.6074,3.37,8.1,122.8
2015-04-07T11:00:06.000Z,-161.50577999999996,-41.582446666666655,16.4247,34.5994,3.38,6.09,110.65
2015-04-07T12:00:07.000Z,-161.412855,-41.58363333333334,16.1984,34.5282,3.54,3.82,139.38
2015-04-07T13:00:07.000Z,-161.26374166666665,-41.583146666666664,16.0296,34.4982,2.99,4.01,115.14
2015-04-07T14:00:08.000Z,-161.11986,-41.59384499999999,15.925,34.49,3,7.82,5.84
2015-04-07T15:00:09.000Z,-160.970855,-41.59826666666666,16.0084,34.5333,3.25,3.65,114.5
2015-04-07T16:00:10.000Z,-160.82321166666668,-41.600563333333334,15.9683,34.5283,3.32,6.35,149.93
2015-04-07T17:00:11.000Z,-160.66912166666668,-41.59787166666666,16.0417,34.5506,3.7,13.16,172.02
2015-04-07T18:00:12.000Z,-160.51237333333333,-41.59887333333332,16.066,34.5524,2.94,10.04,199.91
2015-04-07T19:00:12.000Z,-160.35293333333334,-41.59588,15.9457,34.5202,1.95,4.47,291.79
2015-04-07T20:00:13.000Z,-160.19654166666663,-41.589691666666674,16.0098,34.5179,1.77,6.67,196.38
2015-04-07T21:00:14.000Z,-160.15840333333335,-41.580843333333334,16.0884,34.5153,1.98,7.24,262.93
2015-04-07T22:00:15.000Z,-160.15017166666667,-41.57105333333334,16.1693,34.5165,1.58,7.82,199.66
2015-04-07T23:00:16.000Z,-160.06482166666666,-41.563236666666675,16.2669,34.5273,1.53,6.24,202.5
2015-04-08T00:00:16.000Z,-159.92973833333332,-41.55604,16.3824,34.5098,1.58,6.2,184.02
2015-04-08T01:00:17.000Z,-159.79774833333337,-41.54986666666667,16.5433,34.5034,1.49,3.66,140.68
2015-04-08T02:00:18.000Z,-159.66744666666665,-41.54062999999999,16.4423,34.459,1.75,9.44,181.04
2015-04-08T03:00:19.000Z,-159.53353666666666,-41.532741666666666,16.6197,34.4789,2.31,6.08,200.35
2015-04-08T04:00:20.000Z,-159.39676333333333,-41.529138333333336,16.5709,34.4873,2.82,5.6,226.84
2015-04-08T05:00:20.000Z,-159.25700166666667,-41.52891500000001,16.5967,34.507,2.74,5.05,229.73
2015-04-08T06:00:21.000Z,-159.11725166666665,-41.531508333333335,16.4778,34.5272,2.95,2.54,263.79
2015-04-08T07:00:22.000Z,-158.9755933333333,-41.532846666666664,16.3945,34.5283,3.07,5.2,290.27
2015-04-08T08:00:23.000Z,-158.83185,-41.530665,16.3628,34.5228,3.11,8.05,221.29
2015-04-08T09:00:24.000Z,-158.70282999999998,-41.531974999999996,16.3664,34.5186,2.43,12.05,229.32
2015-04-08T10:00:24.000Z,-158.68138166666665,-41.53995166666667,16.3504,34.5197,2.37,6.43,286.47
2015-04-08T11:00:25.000Z,-158.59468833333332,-41.539435000000005,16.4659,34.5477,3.08,11.77,222.03
2015-04-08T12:00:26.000Z,-158.435255,-41.53781000000001,16.4127,34.5427,3.05,9.8,230.62
2015-04-08T13:00:27.000Z,-158.27834333333337,-41.53890333333334,16.4648,34.5311,2.74,7.43,254.94
2015-04-08T14:00:28.000Z,-158.12367500000002,-41.54279666666666,16.7924,34.5856,3.06,9.56,236.13
2015-04-08T15:00:29.000Z,-157.96848333333335,-41.543085,16.8611,34.6272,3.06,9,251.51
2015-04-08T16:00:29.000Z,-157.81203666666667,-41.54833166666667,16.8199,34.6155,2.79,7.68,251.97
2015-04-08T17:00:30.000Z,-157.65678166666666,-41.54322333333333,16.8007,34.6176,2.58,6.88,248.82
2015-04-08T18:00:26.000Z,-157.51682333333338,-41.535046666666666,16.7861,34.6036,2.43,6.9,241.1
2015-04-08T19:00:27.000Z,-157.36585833333334,-41.52459333333333,16.7386,34.5861,2.03,5.52,249.45
2015-04-08T20:00:28.000Z,-157.21582500000002,-41.52326666666666,16.6493,34.5705,1.54,8.19,259.55
2015-04-08T21:00:28.000Z,-157.15625,-41.52329666666667,16.7715,34.5852,1.53,6.98,331.42
2015-04-08T22:00:29.000Z,-157.14822333333333,-41.525758333333336,16.8209,34.5812,1.47,5.88,316.55
2015-04-08T23:00:30.000Z,-157.10473166666665,-41.522323333333325,16.9723,34.6252,1.43,6.96,317.79
2015-04-09T00:00:31.000Z,-157.03637666666668,-41.50830666666668,17.143,34.6268,1.5,5.39,288.33
2015-04-09T01:00:32.000Z,-156.93642833333334,-41.48681499999999,16.8581,34.5635,1.47,7.04,311.35
2015-04-09T02:00:32.000Z,-156.82076999999998,-41.46507,16.985,34.6102,1.69,6.09,309.08
2015-04-09T03:00:33.000Z,-156.70044333333334,-41.44848666666667,16.7017,34.5579,2.1,9.46,301.38
2015-04-09T04:00:34.000Z,-156.61282333333332,-41.43196,16.6866,34.5798,2.32,6.03,296.19
2015-04-09T05:00:35.000Z,-156.50100833333332,-41.41196166666667,16.603,34.5825,2.56,10.55,312.97
2015-04-09T06:00:36.000Z,-156.39009,-41.39235999999999,16.6166,34.5913,2.86,11.21,317.6
2015-04-09T07:00:36.000Z,-156.2661883333333,-41.37203833333333,16.5898,34.5896,2.84,10.92,334.98
2015-04-09T08:00:37.000Z,-156.12942999999999,-41.35309999999999,16.6099,34.5948,2.68,8.19,306.58
2015-04-09T09:00:38.000Z,-156.01547833333333,-41.344218333333345,16.5273,34.5627,3.3,13.16,332.32
2015-04-09T10:00:17.000Z,-155.9902483333333,-41.34391833333334,16.5223,34.5618,3.12,15.68,338.84
2015-04-09T11:00:17.000Z,-155.94765,-41.341190000000005,16.4528,34.5538,10.67,19.38,334.06
2015-04-09T12:00:18.000Z,-155.821195,-41.319096666666674,16.5009,34.5867,2.98,14.8,345.22
2015-04-09T13:00:19.000Z,-155.68488833333333,-41.299955,16.5053,34.5629,3.05,15.08,346.92
2015-04-09T14:00:20.000Z,-155.545265,-41.28243166666666,16.4338,34.5683,2.77,13.75,321.72
2015-04-09T15:00:21.000Z,-155.3969733333333,-41.26378833333334,16.4182,34.569,2.74,16.47,318.89
2015-04-09T16:00:22.000Z,-155.26003166666663,-41.24143000000001,16.3536,34.6022,2.55,17.1,335.99
2015-04-09T17:00:23.000Z,-155.11651666666666,-41.21495,16.3655,34.5909,2.71,16.63,296.92
2015-04-09T18:00:23.000Z,-154.97638333333336,-41.155546666666666,16.3599,34.5974,2.61,16.51,298.24
2015-04-09T19:00:24.000Z,-154.8562733333333,-41.08353000000001,15.9058,34.5425,1.77,17.18,298.42
2015-04-09T20:00:25.000Z,-154.81366500000001,-41.072635000000005,15.7841,34.5159,1.63,17.59,305.4
2015-04-09T21:00:26.000Z,-154.784175,-41.060986666666665,NA,NA,NA,22.32,299.74
2015-04-09T22:00:27.000Z,-154.78505833333332,-40.983041666666665,15.6898,34.5035,1.86,18.46,226.14
2015-04-09T23:00:27.000Z,-154.7921816666667,-40.861846666666665,15.8465,34.5053,1.63,25.16,213.72
2015-04-10T00:00:28.000Z,-154.800165,-40.74753333333334,16.186,34.523,1.62,24.22,215.34
2015-04-10T01:00:29.000Z,-154.79496666666665,-40.626529999999995,16.4622,34.5845,2.01,25.07,200.43
2015-04-10T02:00:30.000Z,-154.80624666666665,-40.50299333333333,16.3204,34.5517,2.13,21.84,226.84
2015-04-10T03:00:31.000Z,-154.82864166666667,-40.37499666666667,16.0896,34.4939,2.73,17.21,202.85
2015-04-10T04:00:31.000Z,-154.84825,-40.249358333333326,16.3741,34.5567,3.16,21.96,201.21
2015-04-10T05:00:32.000Z,-154.86528666666666,-40.12814166666667,17.6756,34.8044,2.61,16,216.1
2015-04-10T06:00:33.000Z,-154.88837833333335,-39.99885666666667,17.7722,34.856,2.57,21.07,189.71
2015-04-10T07:00:34.000Z,-154.89437166666664,-39.87524333333333,18.0288,34.9644,1.62,24.68,212.32
2015-04-10T08:00:35.000Z,-154.90914333333336,-39.761445,18.1324,34.9674,1.66,20.36,212.35
2015-04-10T09:00:36.000Z,-154.92040833333334,-39.643475,18.2083,34.9564,1.69,19.56,224.25
2015-04-10T10:00:36.000Z,-154.90030833333336,-39.561515,18.2146,34.9652,1.78,19.89,210.09
2015-04-10T11:00:37.000Z,-154.91169333333335,-39.514473333333335,18.0833,34.9083,1.72,14.61,217.17
2015-04-10T12:00:38.000Z,-154.91031666666666,-39.426375,18.0874,34.9214,1.64,13.97,205.22
2015-04-10T13:00:39.000Z,-154.91220666666666,-39.34138666666667,18.0626,34.9111,1.62,12.37,222.18
2015-04-10T14:00:40.000Z,-154.91352,-39.248561666666674,17.9805,34.8644,1.72,13.5,235.86
2015-04-10T15:00:40.000Z,-154.91628333333333,-39.15504166666666,18.0292,34.8959,1.58,8.97,224.7
2015-04-10T16:00:41.000Z,-154.91101500000002,-39.06175666666666,18.0085,34.8753,1.6,13.25,231.8
2015-04-10T17:00:42.000Z,-154.9061966666667,-38.980698333333336,17.9345,34.8214,1.7,7.9,242.86
2015-04-10T18:00:43.000Z,-154.87866,-38.897875,18.0251,34.8507,1.55,7.87,246.96
2015-04-10T19:00:44.000Z,-154.81397833333332,-38.80601,18.2193,34.8912,1.5,6.53,238.77
2015-04-10T20:00:45.000Z,-154.7487283333333,-38.71387166666666,18.2578,34.9057,1.38,5.34,206.29
2015-04-10T21:00:45.000Z,-154.72381833333333,-38.67928666666667,18.1074,34.8427,1.37,10.18,254.2
2015-04-10T22:00:46.000Z,-154.71199666666666,-38.66506333333333,18.1095,34.8342,1.38,12.52,243.48
2015-04-10T23:00:47.000Z,-154.69527000000002,-38.62756,18.0712,34.83,1.32,8.14,267.95
2015-04-11T00:00:48.000Z,-154.64542833333334,-38.55946666666667,18.064,34.8135,1.35,8.35,258.51
2015-04-11T01:00:49.000Z,-154.58190833333336,-38.485096666666664,18.0805,34.8206,1.44,12.25,273.01
2015-04-11T02:00:49.000Z,-154.515325,-38.42394333333333,17.7817,34.8334,1.62,6.74,273.49
2015-04-11T03:00:50.000Z,-154.43996666666666,-38.371430000000004,17.7296,34.857,1.64,11.88,274.02
2015-04-11T04:00:51.000Z,-154.33659833333337,-38.30439333333334,17.7099,34.8634,1.73,12.13,283.56
2015-04-11T05:00:52.000Z,-154.23003500000002,-38.24651,17.6627,34.8515,1.97,11.96,310.65
2015-04-11T06:00:53.000Z,-154.13256833333335,-38.199421666666666,17.3669,34.7572,2.93,9.41,325.5
2015-04-11T07:00:53.000Z,-154.02852999999996,-38.14687166666667,17.2754,34.7105,3.08,12.29,304.16
2015-04-11T08:00:54.000Z,-153.91962999999998,-38.09500666666666,17.322,34.7143,2.96,15.24,321.92
2015-04-11T09:00:55.000Z,-153.81712333333334,-38.05102333333333,17.4981,34.8388,2.29,8.38,325.56
2015-04-11T10:00:56.000Z,-153.7455733333333,-38.02967499999999,17.2503,34.6851,3.16,15.4,312.73
2015-04-11T11:00:57.000Z,-153.68425166666665,-37.986491666666666,17.3274,34.6967,3.06,17.8,306.96
2015-04-11T12:00:58.000Z,-153.57481,-37.945676666666664,17.2932,34.7185,2.98,14.52,321.65
2015-04-11T13:00:58.000Z,-153.46704499999998,-37.90569166666667,17.4861,34.6875,2.73,12.65,310.21
2015-04-11T14:00:59.000Z,-153.36428833333332,-37.86360166666667,17.4113,34.6785,2.91,10.22,315.81
2015-04-11T15:00:00.000Z,-153.26336333333333,-37.82630999999999,17.8788,34.8142,2.02,15.02,317.99
2015-04-11T16:00:01.000Z,-153.15111,-37.79210833333333,17.8801,34.8154,1.9,15.79,320.87
2015-04-11T17:00:02.000Z,-153.04116000000002,-37.75151,17.8462,34.7866,1.99,11.82,304.71
2015-04-11T18:00:03.000Z,-152.93703333333332,-37.71029166666667,17.8671,34.8082,1.74,18.44,325.87
2015-04-11T19:00:03.000Z,-152.82527499999998,-37.670925,17.7397,34.7792,1.9,15.46,327.61
2015-04-11T20:00:04.000Z,-152.79609499999998,-37.68190166666666,17.7299,34.7775,1.84,13.93,339.12
2015-04-11T21:00:05.000Z,-152.77751833333332,-37.69480333333333,17.799,34.7971,1.54,21.52,333.32
2015-04-11T22:00:06.000Z,-152.72362333333336,-37.67719333333334,17.7935,34.7904,1.55,19.11,326.97
2015-04-11T23:00:07.000Z,-152.60279333333335,-37.613235,17.7731,34.7694,1.48,17.18,337.47
2015-04-12T00:00:08.000Z,-152.48588333333333,-37.55004833333333,17.7207,34.7369,1.72,16.71,317.95
2015-04-12T01:00:08.000Z,-152.36364833333332,-37.48453166666666,17.7202,34.7323,1.87,19.06,317.99
2015-04-12T02:00:09.000Z,-152.24757,-37.42171333333334,17.8154,34.7785,1.87,21.13,314.95
2015-04-12T03:00:10.000Z,-152.13781333333333,-37.358656666666676,17.8378,34.7808,1.85,17.18,307.13
2015-04-12T04:00:11.000Z,-152.0426566666667,-37.301539999999996,17.7466,34.7568,2.04,14.43,310.68
2015-04-12T05:00:12.000Z,-151.94231833333333,-37.239790000000006,17.7933,34.749,2.24,20.96,293.07
2015-04-12T06:00:12.000Z,-151.85641,-37.16733666666667,17.8523,34.717,2.54,14.47,295.69
2015-04-12T07:00:13.000Z,-151.78941833333337,-37.09543333333333,17.8476,34.7249,2.64,20.71,296.86
2015-04-12T08:00:14.000Z,-151.72523166666664,-37.056646666666666,17.9399,34.7143,2.99,15.94,305.83
2015-04-12T09:00:15.000Z,-151.69140666666664,-37.03203833333334,17.9179,34.721,2.57,18.28,272.36
2015-04-12T10:00:16.000Z,-151.66063833333337,-36.99797,NA,NA,NA,18.24,296.56
2015-04-12T11:00:16.000Z,-151.62789333333333,-36.948038333333336,NA,NA,NA,10.79,262.76
2015-04-12T12:00:17.000Z,-151.60314333333332,-36.89528,NA,NA,NA,4.35,331.22
2015-04-12T13:00:18.000Z,-151.58303,-36.808870000000006,NA,NA,NA,2.62,293.29
2015-04-12T14:00:19.000Z,-151.56036833333332,-36.72181500000001,NA,NA,NA,9.04,251.93
2015-04-12T15:00:20.000Z,-151.53555499999996,-36.63357333333334,NA,NA,NA,11.63,225.87
2015-04-12T16:00:21.000Z,-151.50742666666665,-36.538109999999996,NA,NA,NA,3.3,197.8
2015-04-12T17:00:21.000Z,-151.42758666666666,-36.461195,NA,NA,NA,7.94,207.65
2015-04-12T18:00:22.000Z,-151.33978,-36.390193333333336,18.9656,35.1899,1.28,6.9,250.19
2015-04-12T19:00:23.000Z,-151.25351666666666,-36.32274666666666,18.9786,35.1685,1.26,5.8,208.5
2015-04-12T20:00:24.000Z,-151.22630666666666,-36.30025833333333,18.9726,35.165,1.23,8.3,164.25
2015-04-12T21:00:25.000Z,-151.2210416666667,-36.295845,19.02,35.1661,1.2,8.33,216.76
2015-04-12T22:00:25.000Z,-151.1933533333333,-36.270825,19.1645,35.1695,1.1,6.91,220.66
2015-04-12T23:00:26.000Z,-151.10739999999998,-36.20478500000001,19.3707,35.2001,1.09,6.44,234.58
2015-04-13T00:00:27.000Z,-151.04053833333336,-36.15193,19.521,35.2031,1.15,8.77,247.31
2015-04-13T01:00:28.000Z,-150.95675,-36.0966,19.5124,35.2047,1.15,7.11,219.09
2015-04-13T02:00:29.000Z,-150.846905,-36.02680833333333,19.5048,35.1896,1.17,8.33,221.69
2015-04-13T03:00:29.000Z,-150.73439,-35.95593666666667,19.5094,35.2154,1.22,7.84,210.7
2015-04-13T04:00:30.000Z,-150.62709000000004,-35.88127333333334,19.4485,35.2132,1.22,10.73,190.12
2015-04-13T05:00:31.000Z,-150.52282,-35.813668333333325,19.4121,35.1833,1.22,10.66,190.51
2015-04-13T06:00:32.000Z,-150.42472666666663,-35.741883333333334,19.3665,35.1763,1.22,9.08,197.19
2015-04-13T07:00:33.000Z,-150.327285,-35.67543166666667,19.3268,35.25,1.17,6.4,197
2015-04-13T08:00:33.000Z,-150.23435,-35.60511333333333,19.2681,35.272,1.25,7.06,174.26
2015-04-13T09:00:34.000Z,-150.14549333333335,-35.533365,19.0804,35.0816,1.3,8.72,182.79
2015-04-13T10:00:35.000Z,-150.06557,-35.47875333333332,19.1213,35.0232,1.26,4.33,174.93
2015-04-13T11:00:36.000Z,-150.00037333333333,-35.435405,19.1119,35.0687,1.26,6.78,185.63
2015-04-13T12:00:37.000Z,-149.97577666666666,-35.339923333333324,19.0643,35.0976,1.31,5.3,202.44
2015-04-13T13:00:37.000Z,-149.9510733333333,-35.244346666666665,19.5948,35.2478,1.18,4.44,180.83
2015-04-13T14:00:38.000Z,-149.9420466666667,-35.149899999999995,19.921,35.2808,1.19,3.26,65.41
2015-04-13T15:00:39.000Z,-149.94204499999998,-35.061678333333326,20.214,35.3346,1.18,3.93,179.11
2015-04-13T16:00:40.000Z,-149.92029833333333,-34.96536333333333,20.2592,35.3003,1.2,7.08,172.55
2015-04-13T17:00:41.000Z,-149.9016366666667,-34.86671333333334,20.2062,35.3331,1.31,6.38,155.2
2015-04-13T18:00:42.000Z,-149.87758666666664,-34.76993999999999,20.3359,35.3667,1.13,8.62,137.66
2015-04-13T19:00:42.000Z,-149.85975499999998,-34.67116333333333,20.3249,35.3704,1.13,6.74,132.21
2015-04-13T20:00:43.000Z,-149.850255,-34.629205000000006,20.1187,35.3274,1.11,7.3,205.28
2015-04-13T21:00:44.000Z,-149.841385,-34.62860666666667,20.2145,35.3271,1.08,9.59,264.52
2015-04-13T22:00:45.000Z,-149.8421983333333,-34.608261666666664,20.2805,35.3278,1.05,2.86,272.81
2015-04-13T23:00:46.000Z,-149.86436833333332,-34.51327666666667,20.3625,35.3155,1.04,5.36,152.57
2015-04-14T00:00:47.000Z,-149.88729833333332,-34.41023499999999,20.4154,35.3112,1.05,8.81,137.05
2015-04-14T01:00:47.000Z,-149.92331000000001,-34.308481666666665,20.4792,35.3178,1.05,7.32,138.96
2015-04-14T02:00:48.000Z,-149.96640666666664,-34.210525,20.3826,35.3269,1.1,2.81,179.6
2015-04-14T03:00:49.000Z,-150.00478999999999,-34.10911833333333,20.7764,35.3707,1.13,8.38,115.82
2015-04-14T04:00:50.000Z,-150.04710666666668,-34.00618000000001,20.7981,35.374,1.12,6.3,131.8
2015-04-14T05:00:51.000Z,-150.08570166666667,-33.904455,20.6199,35.3621,1.12,6.78,110.34
2015-04-14T06:00:51.000Z,-150.132835,-33.80598500000001,20.6303,35.3134,1.15,6.13,116.91
2015-04-14T07:00:52.000Z,-150.17587333333333,-33.70842666666666,20.6618,35.3134,1.17,4.57,69.01
2015-04-14T08:00:53.000Z,-150.22232166666663,-33.625013333333335,20.6667,35.2976,1.15,3.59,115.07
2015-04-14T09:00:54.000Z,-150.24418500000002,-33.60525333333333,20.6084,35.3054,1.17,6.57,91.25
2015-04-14T10:00:55.000Z,-150.26485333333332,-33.57339666666666,20.5724,35.3054,1.17,9.21,85.43
2015-04-14T11:00:55.000Z,-150.29805166666668,-33.470561666666676,20.5345,35.2756,1.15,5.58,82.94
2015-04-14T12:00:56.000Z,-150.32746666666662,-33.366298333333326,20.4661,35.2497,1.15,6.48,65.89
2015-04-14T13:00:57.000Z,-150.3731,-33.26322666666667,20.5969,35.2481,1.18,5.42,71.51
2015-04-14T14:00:58.000Z,-150.30612833333336,-33.17684166666667,20.4915,35.2562,1.19,4.87,81.51
2015-04-14T15:00:59.000Z,-150.22389499999997,-33.09090166666667,20.4684,35.2509,1.15,7.68,91.58
2015-04-14T16:00:59.000Z,-150.13796,-33.00830833333334,20.3849,35.2229,1.13,6.05,104.03
2015-04-14T17:00:00.000Z,-150.0520983333333,-32.92903999999999,20.3333,35.228,1.13,7.57,101.7
2015-04-14T18:00:01.000Z,-149.9623733333333,-32.84805333333334,20.3405,35.2096,1.1,5.13,66.98
2015-04-14T19:00:02.000Z,-149.873745,-32.767275000000005,20.3614,35.2281,1.09,4.81,77.38
2015-04-14T20:00:03.000Z,-149.84257833333334,-32.73936,20.4428,35.2366,1.09,7.82,69.39
2015-04-14T21:00:03.000Z,-149.847705,-32.74334333333334,20.5347,35.2372,1.08,5.39,0.61
2015-04-14T22:00:04.000Z,-149.8040333333333,-32.70850333333334,20.6517,35.2407,1.05,4.29,348.31
2015-04-14T23:00:05.000Z,-149.70874166666664,-32.63708666666667,20.9007,35.2809,1.06,2.75,61.15
2015-04-15T00:00:06.000Z,-149.61289666666667,-32.56136166666667,20.8864,35.3114,1.07,1.29,348.48
2015-04-15T01:00:07.000Z,-149.51856333333333,-32.48247666666667,21.0112,35.2794,1.05,4.66,112.99
2015-04-15T02:00:08.000Z,-149.43215499999997,-32.40420166666667,21.1875,35.33,1.09,2.79,90.37
2015-04-15T03:00:08.000Z,-149.35207833333337,-32.33749833333333,21.3445,35.3308,1.1,7.8,126.03
2015-04-15T04:00:09.000Z,-149.27373500000002,-32.273165,21.5887,35.4806,1.09,4.63,65.03
2015-04-15T05:00:10.000Z,-149.19918499999997,-32.208915,21.3922,35.493,1.1,6.57,57.88
2015-04-15T06:00:11.000Z,-149.11895166666667,-32.14697333333333,21.427,35.5284,1.1,4.63,56.25
2015-04-15T07:00:12.000Z,-149.0425666666667,-32.08720333333333,21.4229,35.5519,1.09,7.28,73.45
2015-04-15T08:00:12.000Z,-148.96906166666665,-32.02551666666667,21.1215,35.4725,1.1,8.8,32.62
2015-04-15T09:00:13.000Z,-148.89990999999998,-31.96463833333333,20.9857,35.4651,1.11,6.2,49.81
2015-04-15T10:00:14.000Z,-148.84310333333335,-31.901899999999998,20.972,35.4425,1.11,11.33,65.13
2015-04-15T11:00:15.000Z,-148.85390666666663,-31.93313166666667,20.8701,35.4405,1.11,7.75,47.06
2015-04-15T12:00:16.000Z,-148.87032,-31.922600000000003,20.9118,35.4487,1.12,13.51,47.22
2015-04-15T13:00:16.000Z,-148.905415,-31.878061666666667,20.8894,35.4551,1.11,11.53,32.28
2015-04-15T14:00:17.000Z,-148.95097833333332,-31.822441666666666,21.0083,35.4837,1.11,14.72,46.36
2015-04-15T15:00:18.000Z,-148.998965,-31.761748333333337,21.1029,35.5218,1.11,15.61,47.16
2015-04-15T16:00:19.000Z,-149.034185,-31.715293333333335,21.0537,35.5176,1.1,9.93,43.94
2015-04-15T17:00:20.000Z,-149.065555,-31.677924999999995,21.056,35.5162,1.13,12.34,55.86
2015-04-15T18:00:20.000Z,-149.015905,-31.706706666666665,21.0778,35.5172,1.08,7.95,29.72
2015-04-15T19:00:21.000Z,-148.93291,-31.740663333333334,21.1312,35.5199,1.07,8.11,41.73
2015-04-15T20:00:22.000Z,-148.84946333333335,-31.77248833333333,20.9787,35.4522,1.06,10.35,12.7
2015-04-15T21:00:23.000Z,-148.82641833333335,-31.788968333333333,21.0076,35.4487,1.06,12.11,24.55
2015-04-15T22:00:24.000Z,-148.78902666666664,-31.807695,21.2842,35.4792,1.03,12.35,11.58
2015-04-15T23:00:25.000Z,-148.70754833333334,-31.83433666666667,21.2361,35.4528,1.03,11.77,354.41
2015-04-16T00:00:25.000Z,-148.633725,-31.86286,21.1667,35.4283,1.06,13.04,2.29
2015-04-16T01:00:26.000Z,-148.55956333333333,-31.89955166666667,21.5209,35.5109,1.04,12,3.53
2015-04-16T02:00:27.000Z,-148.55422833333333,-31.919175000000003,21.525,35.5185,1.06,13.81,32.45
2015-04-16T03:00:28.000Z,-148.50152833333334,-31.95569833333333,21.412,35.5247,1.09,12.32,354.49
2015-04-16T04:00:29.000Z,-148.44722166666668,-31.96766,21.314,35.5006,1.09,8.41,32.62
2015-04-16T05:00:29.000Z,-148.35345999999998,-31.95404833333334,21.3148,35.519,1.08,12.51,35.02
2015-04-16T06:00:30.000Z,-148.254395,-31.94564833333333,21.1964,35.4816,1.08,14.13,34.63
2015-04-16T07:00:31.000Z,-148.20203333333333,-31.92362666666667,21.2039,35.485,1.09,19.04,53.05
2015-04-16T08:00:32.000Z,-148.24723,-31.834231666666668,21.1996,35.4875,1.08,15.13,39.34
2015-04-16T09:00:33.000Z,-148.29694999999998,-31.751929999999998,21.3962,35.5423,1.08,15.96,35.32
2015-04-16T10:00:33.000Z,-148.30843166666665,-31.736448333333335,21.4804,35.5282,1.09,14.08,32.14
2015-04-16T11:00:34.000Z,-148.25868333333335,-31.76269166666667,21.3416,35.5459,1.09,18.85,28.04
2015-04-16T12:00:35.000Z,-148.33271333333332,-31.710206666666668,21.7506,35.5403,1.07,17.61,27.78
2015-04-16T13:00:36.000Z,-148.40919166666663,-31.65772666666667,21.9378,35.5594,1.06,19.68,30.61
2015-04-16T14:00:37.000Z,-148.485485,-31.607246666666665,21.2999,35.4719,1.08,20.07,37.86
2015-04-16T15:00:38.000Z,-148.55323333333334,-31.549851666666672,21.2993,35.4635,1.09,20.03,30.9
2015-04-16T16:00:39.000Z,-148.62503666666666,-31.494908333333335,20.9306,35.4222,1.1,22.45,42.37
2015-04-16T17:00:39.000Z,-148.69717500000002,-31.432139999999997,20.8934,35.3929,1.12,17.75,37.94
2015-04-16T18:00:40.000Z,-148.76965333333334,-31.367923333333337,20.9785,35.4474,1.09,17.61,34.87
2015-04-16T19:00:41.000Z,-148.823765,-31.317673333333328,21.0006,35.4536,1.07,19.11,24.06
2015-04-16T20:00:42.000Z,-148.83010666666667,-31.298745,21.0253,35.4536,1.06,15.66,3.01
2015-04-16T21:00:43.000Z,-148.80912666666669,-31.315696666666668,21.044,35.4536,1.09,14.77,356.4
2015-04-16T22:00:43.000Z,-148.7786716666667,-31.329441666666668,21.0721,35.4522,1.12,13.85,13.68
2015-04-16T23:00:44.000Z,-148.71940500000002,-31.319113333333334,21.0462,35.4424,1.14,13.72,355.07
2015-04-17T00:00:45.000Z,-148.6453316666667,-31.294383333333332,21.0186,35.4475,1.1,17.83,332.43
2015-04-17T01:00:46.000Z,-148.5561166666667,-31.280195000000003,21.019,35.4526,1.11,11.7,337.43
2015-04-17T02:00:47.000Z,-148.4794883333333,-31.263271666666665,20.9969,35.4113,1.11,14.25,343.68
2015-04-17T03:00:47.000Z,-148.4090383333333,-31.24974666666667,20.975,35.4181,1.11,13.75,331.28
2015-04-17T04:00:48.000Z,-148.3028,-31.223596666666673,21.0699,35.4323,1.09,14.73,335.64
2015-04-17T05:00:49.000Z,-148.21129166666668,-31.203038333333332,20.9711,35.4148,1.11,13.83,358.85
2015-04-17T06:00:50.000Z,-148.124695,-31.184636666666666,22.2169,35.5692,1.08,13.27,316.81
2015-04-17T07:00:51.000Z,-148.02163666666667,-31.154206666666663,21.8883,35.551,1.07,15.19,347.5
2015-04-17T08:00:51.000Z,-147.92954666666665,-31.129896666666667,22.1223,35.5672,1.08,14.52,339.42
2015-04-17T09:00:52.000Z,-147.81812499999998,-31.104911666666663,22.1163,35.5699,1.08,14.4,353.49
2015-04-17T10:00:53.000Z,-147.749225,-31.09688166666666,22.384,35.5903,1.06,21.94,357.9
2015-04-17T11:00:54.000Z,-147.70856333333333,-31.083391666666664,22.0164,35.5713,1.07,19.57,325.19
2015-04-17T12:00:55.000Z,-147.63194000000001,-31.054521666666663,21.4023,35.4901,1.09,16,359.94
2015-04-17T13:00:56.000Z,-147.54433833333334,-31.050479999999997,21.6017,35.5289,1.07,17.01,342.51
2015-04-17T14:00:56.000Z,-147.46609166666664,-31.043711666666663,21.6538,35.5416,1.09,14.59,353.22
2015-04-17T15:00:57.000Z,-147.38603999999998,-31.035231666666665,21.5989,35.5467,1.07,20.33,320.77
2015-04-17T16:00:58.000Z,-147.279215,-31.025033333333333,21.8806,35.5538,1.08,24.9,260.75
2015-04-17T17:00:59.000Z,-147.23360833333334,-30.97600333333333,21.9284,35.5557,1.09,18.42,187.65
2015-04-17T18:00:00.000Z,-147.15167333333332,-30.924241666666664,22.1609,35.6011,1.09,18.1,211.97
2015-04-17T19:00:00.000Z,-147.05228166666663,-30.87256,22.2029,35.6304,1.1,21.57,200.69
2015-04-17T20:00:01.000Z,-146.951375,-30.816351666666666,22.1736,35.614,1.09,19.45,215.49
2015-04-17T21:00:02.000Z,-146.89339166666667,-30.780021666666666,22.1555,35.5897,1.11,9.85,194.86
2015-04-17T22:00:03.000Z,-146.88473833333333,-30.769423333333332,22.1582,35.5904,1.1,10.86,137.75
2015-04-17T23:00:04.000Z,-146.8776033333333,-30.747816666666672,22.1676,35.5921,1.11,5.85,166.35
2015-04-18T00:00:04.000Z,-146.8560666666667,-30.72570166666667,22.1862,35.5969,1.07,1.86,174
2015-04-18T01:00:05.000Z,-146.79084999999998,-30.658206666666665,21.979,35.5396,1.09,1.79,154.55
2015-04-18T02:00:06.000Z,-146.72986333333333,-30.593476666666668,22.2268,35.5644,1.1,4.31,204.64
2015-04-18T03:00:07.000Z,-146.66533833333332,-30.52847166666666,22.2439,35.57,1.08,1.63,172.11
2015-04-18T04:00:08.000Z,-146.6023266666667,-30.46252833333333,22.5249,35.5883,1.08,2.86,268.29
2015-04-18T05:00:09.000Z,-146.534775,-30.400661666666664,23.1483,35.6018,1.07,4.63,217.29
2015-04-18T06:00:09.000Z,-146.46457333333336,-30.337664999999998,23.341,35.5723,1.07,6.33,219.22
2015-04-18T07:00:10.000Z,-146.3933966666667,-30.26954166666667,23.3058,35.5862,1.06,8.91,219.62
2015-04-18T08:00:11.000Z,-146.32183000000003,-30.198694999999997,23.2794,35.5921,1.06,11.51,195.16
2015-04-18T09:00:12.000Z,-146.25016666666667,-30.124991666666663,23.2471,35.5705,1.05,16.03,184.57
2015-04-18T10:00:13.000Z,-146.19329,-30.05203333333333,23.0297,35.5669,1.06,13.05,201.4
2015-04-18T11:00:13.000Z,-146.15216166666667,-30.00395,22.9899,35.5679,1.06,13.26,199.96
2015-04-18T12:00:14.000Z,-146.09032499999998,-29.91952666666667,22.9723,35.5682,1.05,11.24,218.55
2015-04-18T13:00:15.000Z,-146.02263833333336,-29.83580666666667,22.7119,35.6102,1.07,12.86,209.73
2015-04-18T14:00:16.000Z,-145.952665,-29.759084999999995,22.7018,35.5967,1.07,9.9,213.35
2015-04-18T15:00:17.000Z,-145.88470833333332,-29.67633,22.5513,35.5142,1.06,9.05,180.48
2015-04-18T16:00:18.000Z,-145.81622833333333,-29.587398333333333,22.5117,35.4579,1.06,19.88,196
2015-04-18T17:00:18.000Z,-145.76698333333334,-29.52949166666667,22.645,35.5773,1.06,13.75,196.03
2015-04-18T18:00:19.000Z,-145.7217433333333,-29.478356666666667,22.6101,35.3546,1.03,12.66,186.1
2015-04-18T19:00:20.000Z,-145.67850166666668,-29.423793333333336,22.599,35.392,1.02,13.73,207.35
2015-04-18T20:00:21.000Z,-145.62748500000004,-29.37278833333333,22.6295,35.329,1.02,15.62,218.83
2015-04-18T21:00:22.000Z,-145.61138499999998,-29.355171666666667,22.7599,35.3228,1.02,13.87,216.7
2015-04-18T22:00:23.000Z,-145.60240166666665,-29.344365,22.8328,35.3408,1.03,14.88,232.99
2015-04-18T23:00:23.000Z,-145.60689166666668,-29.319523333333336,22.8366,35.3278,1.03,11.39,208.21
2015-04-19T00:00:24.000Z,-145.55279,-29.265114999999998,22.8734,35.3467,1.03,15.15,202.91
2015-04-19T01:00:25.000Z,-145.50635,-29.202683333333333,22.8791,35.3257,1.04,14.88,213.07
2015-04-19T02:00:26.000Z,-145.458455,-29.13920833333333,22.9239,35.3153,10.66,13.39,223.27
2015-04-19T03:00:27.000Z,-145.40999,-29.06964166666667,22.8737,35.4526,1.06,11.94,223.8
2015-04-19T04:00:27.000Z,-145.35428333333334,-29.000711666666664,22.7347,35.4858,1.07,13.6,212.81
2015-04-19T05:00:28.000Z,-145.299415,-28.93686,23.5111,35.5088,1.05,14.67,209.7
2015-04-19T06:00:29.000Z,-145.25388166666667,-28.868258333333333,23.5161,35.5017,1.04,13.94,197.77
2015-04-19T07:00:30.000Z,-145.20401166666667,-28.806108333333338,23.5942,35.4862,1.05,13.68,210.92
2015-04-19T08:00:31.000Z,-145.16160833333336,-28.756026666666667,23.5568,35.4532,1.05,17.45,223.24
2015-04-19T09:00:31.000Z,-145.16855666666666,-28.731675000000003,23.5495,35.4543,1.08,17.19,182.33
2015-04-19T10:00:32.000Z,-145.19359833333334,-28.692188333333334,23.5309,35.4694,1.04,11.2,191.41
2015-04-19T11:00:33.000Z,-145.14446166666667,-28.637765,23.6858,35.4475,1.05,16.99,207.09
2015-04-19T12:00:34.000Z,-145.07356333333334,-28.58148833333333,23.6313,35.4083,1.05,20.76,194.91
2015-04-19T13:00:35.000Z,-145.00646166666664,-28.528586666666666,23.8256,35.4457,1.05,14.03,194.37
2015-04-19T14:00:36.000Z,-145.00054999999998,-28.457346666666663,24.3641,35.5067,1.05,16.64,195.64
2015-04-19T15:00:37.000Z,-145.011115,-28.37926333333333,24.4657,35.5086,1.05,17.11,202.68
2015-04-19T16:00:37.000Z,-145.01707833333333,-28.29973666666666,24.572,35.5029,1.04,11.83,186.21
2015-04-19T17:00:38.000Z,-145.0315666666667,-28.215690000000002,24.6414,35.5067,1.06,17.94,175.95
2015-04-19T18:00:39.000Z,-145.0159933333333,-28.135569999999998,24.6701,35.3766,1.04,18.38,171.43
2015-04-19T19:00:40.000Z,-144.9770266666667,-28.06272,24.6335,35.2532,1.04,18.8,185.12
2015-04-19T20:00:41.000Z,-144.92819,-27.999153333333336,24.5758,35.339,1.02,17.49,188.5
2015-04-19T21:00:42.000Z,-144.92082999999997,-27.980885,24.6418,35.3402,1.05,11.99,188.73
2015-04-19T22:00:42.000Z,-144.92837833333334,-27.95740333333333,24.6833,35.334,1.03,24.01,180.46
2015-04-19T23:00:43.000Z,-144.842735,-27.92640833333333,24.6237,35.345,1.02,17.5,192.29
2015-04-20T00:00:44.000Z,-144.75576833333335,-27.894225000000002,24.6473,35.296,1.03,15.3,197.77
2015-04-20T01:00:45.000Z,-144.673635,-27.864031666666662,24.6662,35.2825,1.05,17.28,197.34
2015-04-20T02:00:46.000Z,-144.59264833333336,-27.83467833333333,24.6231,35.2912,1.06,21.1,181.9
2015-04-20T03:00:46.000Z,-144.50354500000003,-27.804476666666663,24.536,35.2962,1.04,19.97,192.45
2015-04-20T04:00:47.000Z,-144.42426333333333,-27.763181666666668,24.568,35.2562,1.05,17.53,187.1
2015-04-20T05:00:48.000Z,-144.349765,-27.725440000000006,24.5763,35.2464,1.04,17.1,187.91
2015-04-20T06:00:49.000Z,-144.28799666666666,-27.690428333333333,24.5086,35.2531,1.14,12.45,180.14
2015-04-20T07:00:50.000Z,-144.22890499999997,-27.644478333333335,24.4734,35.2915,1.12,15.1,155.6
2015-04-20T08:00:51.000Z,-144.179295,-27.58832166666667,24.4094,35.3338,1.48,11.83,183.46
2015-04-20T09:00:51.000Z,-144.176305,-27.57850833333334,24.3964,35.351,1.25,11.59,182.35
2015-04-20T10:00:52.000Z,-144.1907083333333,-27.569891666666667,24.3592,35.3572,1.17,4.36,198.81
2015-04-20T11:00:53.000Z,-144.2237833333333,-27.531466666666667,24.3418,35.3722,1.12,11.55,140.23
2015-04-20T12:00:54.000Z,-144.27445833333337,-27.496101666666664,24.3262,35.3913,1.09,13.53,172.44
2015-04-20T13:00:55.000Z,-144.32235,-27.464145,24.4007,35.3818,1.13,11.95,173.38
2015-04-20T14:00:56.000Z,-144.3720016666667,-27.433864999999997,24.3698,35.3887,1.06,7.99,135.05
2015-04-20T15:00:56.000Z,-144.422795,-27.40738666666667,24.2951,35.421,1.07,11.62,149.34
2015-04-20T16:00:57.000Z,-144.47599166666666,-27.377793333333337,24.2696,35.4412,1.05,15.16,151.57
2015-04-20T17:00:58.000Z,-144.5300333333333,-27.34624666666667,24.2997,35.4574,1.08,9.56,136.24
2015-04-20T18:00:59.000Z,-144.59031500000003,-27.309420000000003,24.2736,35.4585,1.07,9.57,113.99
2015-04-20T19:00:00.000Z,-144.65503333333334,-27.269275,24.2538,35.4592,1.08,16.41,160.1
2015-04-20T20:00:01.000Z,-144.71598833333334,-27.23349166666667,24.2689,35.4599,1.06,9.15,123.02
2015-04-20T21:00:01.000Z,-144.72876833333333,-27.216708333333333,24.2713,35.4597,1.11,15.87,169.68
2015-04-20T22:00:02.000Z,-144.765905,-27.19464833333333,24.3577,35.4747,1.14,13.81,146.81
2015-04-20T23:00:03.000Z,-144.80884833333334,-27.142343333333333,24.3719,35.461,1.02,12.28,105.19
2015-04-21T00:00:04.000Z,-144.8484816666667,-27.082319999999996,24.3675,35.4511,1.05,11.29,137.59
2015-04-21T01:00:05.000Z,-144.89341499999998,-27.010696666666668,24.3354,35.4347,1.04,17.77,151.46
2015-04-21T02:00:05.000Z,-144.94330333333332,-26.934099999999997,24.3598,35.4541,1.06,18.08,147.01
2015-04-21T03:00:06.000Z,-145.000415,-26.85138166666666,24.5045,35.3437,1.03,19.22,150.78
2015-04-21T04:00:07.000Z,-145.0651683333333,-26.779441666666667,24.9243,35.2783,1.04,20.59,128.76
2015-04-21T05:00:08.000Z,-145.11970666666664,-26.701946666666664,24.8729,35.1767,1.04,20.98,135.06
2015-04-21T06:00:09.000Z,-145.17437333333334,-26.62290666666667,25.0585,35.3177,1.04,16.93,142.71
2015-04-21T07:00:09.000Z,-145.22719166666667,-26.54974333333333,25.1681,35.437,1.04,21.26,133.3
2015-04-21T08:00:10.000Z,-145.26265333333333,-26.478939999999994,24.9039,35.3227,1.05,26.49,135.66
2015-04-21T09:00:11.000Z,-145.29992833333333,-26.48681166666667,24.7933,35.2763,1.1,12.14,131.55
2015-04-21T10:00:12.000Z,-145.348675,-26.492800000000003,25.0118,35.3919,1.05,14.8,139.47
2015-04-21T11:00:13.000Z,-145.410305,-26.43696166666667,24.7635,35.2936,1.03,16.55,121.58
2015-04-21T12:00:14.000Z,-145.46898166666665,-26.350111666666663,24.8485,35.2879,1.04,17.18,119.5
2015-04-21T13:00:14.000Z,-145.52737666666664,-26.26822,24.868,35.3269,1.03,14.84,114.15
2015-04-21T14:00:15.000Z,-145.58173000000002,-26.195171666666667,24.8545,35.3302,1.03,15.49,125.79
2015-04-21T15:00:16.000Z,-145.642145,-26.116705000000003,24.6975,35.2462,1.01,16.18,112.91
2015-04-21T16:00:17.000Z,-145.70309833333334,-26.040321666666667,24.6381,35.2784,1.02,20.13,101.55
2015-04-21T17:00:18.000Z,-145.7673566666667,-25.96285833333333,24.7255,35.4878,1.06,20.08,100.26
2015-04-21T18:00:18.000Z,-145.82826500000002,-25.886086666666664,24.6505,35.4653,1.06,25.73,107.42
2015-04-21T19:00:19.000Z,-145.88688,-25.812951666666663,24.6709,35.3946,1.03,17.89,134.26
2015-04-21T20:00:20.000Z,-145.91118166666666,-25.80272166666667,24.7444,35.4836,1.02,16.38,107.72
2015-04-21T21:00:21.000Z,-145.91952666666666,-25.805618333333335,24.8143,35.5296,1.04,17.51,104.44
2015-04-21T22:00:22.000Z,-145.92453166666667,-25.805151666666664,24.8196,35.527,1.05,16.25,97.43
2015-04-21T23:00:22.000Z,-145.93348333333333,-25.82419333333333,24.8143,35.5284,1.38,17.33,88.78
2015-04-22T00:00:23.000Z,-145.95948333333334,-25.75550333333333,24.8069,35.5125,1.04,24.34,103.37
2015-04-22T01:00:24.000Z,-145.9889566666667,-25.671468333333333,24.7656,35.5567,1.05,18.49,99.81
2015-04-22T02:00:25.000Z,-146.01984333333334,-25.633855,24.7748,35.4986,1.04,21.12,92.93
2015-04-22T03:00:26.000Z,-146.049385,-25.606831666666665,24.7511,35.4735,1.04,23.5,107.59
2015-04-22T04:00:26.000Z,-146.08476000000002,-25.51648833333334,24.8347,35.4907,1.03,22.45,93.96
2015-04-22T05:00:27.000Z,-146.11710833333333,-25.424181666666666,24.9254,35.4749,1.04,21.79,105.55
2015-04-22T06:00:28.000Z,-146.15510166666667,-25.331045000000003,24.8353,35.4378,1.03,21.69,93.5
2015-04-22T07:00:29.000Z,-146.19781833333334,-25.236791666666665,24.7546,35.4157,1.02,26.06,94.95
2015-04-22T08:00:30.000Z,-146.24005833333334,-25.13720333333333,24.731,35.3202,1.04,23.82,97.34
2015-04-22T09:00:31.000Z,-146.27931,-25.042191666666664,24.8921,35.4182,1.04,27.65,90.53
2015-04-22T10:00:31.000Z,-146.31802666666664,-24.951525,24.9033,35.3616,1.03,24.53,86.82
2015-04-22T11:00:32.000Z,-146.33990166666663,-24.96136166666667,25.0135,35.4056,1.26,19.39,85.18
2015-04-22T12:00:33.000Z,-146.36378500000004,-24.926759999999998,25.1963,35.4837,1.06,23.89,86.29
2015-04-22T13:00:34.000Z,-146.393605,-24.858973333333328,25.2068,35.4917,1.05,23.39,75.69
2015-04-22T14:00:35.000Z,-146.42881500000001,-24.773076666666668,25.0829,35.4881,1.03,23.1,83.09
2015-04-22T15:00:36.000Z,-146.46541999999997,-24.674483333333338,25.4818,35.5484,1.04,24.11,85.7
2015-04-22T16:00:37.000Z,-146.49803666666668,-24.58396833333334,25.6204,35.575,1.05,24.14,88.65
2015-04-22T17:00:37.000Z,-146.53579,-24.486829999999998,25.6213,35.5717,1.09,23.38,77.32
2015-04-22T18:00:38.000Z,-146.57263166666667,-24.388363333333334,25.6533,35.5538,1.06,21.7,94.43
2015-04-22T19:00:39.000Z,-146.60875833333333,-24.29068,25.7499,35.5758,1.08,26.75,91.59
2015-04-22T20:00:40.000Z,-146.62941666666666,-24.303685000000005,25.7825,35.5788,1.32,25.94,68.71
2015-04-22T21:00:41.000Z,-146.640335,-24.311596666666667,25.8199,35.5861,1.03,18.88,76.78
2015-04-22T22:00:42.000Z,-146.6646166666667,-24.297823333333334,25.8119,35.588,1.03,25.51,60.31
2015-04-22T23:00:42.000Z,-146.70544333333336,-24.218696666666666,26.2995,35.545,1.04,24.53,75.37
2015-04-23T00:00:43.000Z,-146.74197833333335,-24.149784999999998,26.2965,35.4862,1.03,22.84,65.85
2015-04-23T01:00:44.000Z,-146.7808483333333,-24.08627833333333,26.3616,35.5276,1.05,20.98,67.9
2015-04-23T02:00:45.000Z,-146.82079166666665,-24.021023333333332,26.4438,35.4983,1.07,15.62,87.04
2015-04-23T03:00:46.000Z,-146.85813166666668,-23.955753333333337,26.4667,35.522,1.08,19.25,69.56
2015-04-23T04:00:46.000Z,-146.89201666666668,-23.886453333333332,26.4553,35.5154,1.11,20.49,65.13
2015-04-23T05:00:47.000Z,-146.92139500000002,-23.823953333333332,26.5211,35.4935,1.04,20.57,74.13
2015-04-23T06:00:48.000Z,-146.95115333333334,-23.76299,26.7546,35.6206,1.05,14.94,62.92
2015-04-23T07:00:49.000Z,-146.984925,-23.691698333333335,26.7259,35.604,1.04,21.7,65.19
2015-04-23T08:00:50.000Z,-147.01712666666668,-23.638983333333332,26.7413,35.5987,1.22,18.92,78.94
2015-04-23T09:00:51.000Z,-147.02591833333332,-23.674546666666664,26.7156,35.5974,1.3,18.97,72.9
2015-04-23T10:00:51.000Z,-147.02712000000002,-23.71363,26.7273,35.5952,1.04,18.12,63.88
2015-04-23T11:00:52.000Z,-147.07044333333334,-23.664505000000002,26.7664,35.6036,1.06,18.14,49.2
2015-04-23T12:00:53.000Z,-147.119755,-23.611776666666668,26.8985,35.595,1.06,23.62,41.02
2015-04-23T13:00:54.000Z,-147.19341000000003,-23.60227333333333,26.9527,35.6064,1.04,23.15,37.71
2015-04-23T14:00:55.000Z,-147.27059666666668,-23.597288333333335,27.0126,35.5484,1.03,23.74,53.97
2015-04-28T03:00:49.000Z,-147.67471333333336,-23.84448666666666,26.5714,35.6087,2.63,20.42,42.24
2015-04-28T04:00:50.000Z,-147.7009183333333,-23.769840000000002,26.7231,35.5983,1.06,15.39,34.7
2015-04-28T05:00:50.000Z,-147.735845,-23.688216666666673,26.783,35.591,1.06,20.43,38.57
2015-04-28T06:00:51.000Z,-147.767765,-23.609131666666666,26.954,35.5692,1.04,21.21,37.57
2015-04-28T07:00:52.000Z,-147.81674999999998,-23.524136666666664,26.9742,35.5882,1.04,14.94,49.62
2015-04-28T08:00:53.000Z,-147.86658166666666,-23.43881166666667,27.1848,35.5519,1.03,15.45,61.43
2015-04-28T09:00:54.000Z,-147.91789166666666,-23.352411666666665,27.06,35.2978,1.03,4.29,257.33
2015-04-28T10:00:54.000Z,-147.96590999999998,-23.249961666666668,27.0897,35.4605,1.03,26.01,153.88
2015-04-28T11:00:55.000Z,-147.9969,-23.152556666666673,27.1447,35.5131,1.04,16.76,146.14
2015-04-28T12:00:56.000Z,-147.99906666666664,-23.067331666666668,27.1177,35.5426,1.07,8.81,134.22
2015-04-28T13:00:57.000Z,-148.0152116666667,-22.990025,26.9142,35.5388,1.04,14.55,186.88
2015-04-28T14:00:58.000Z,-148.04737999999998,-22.912779999999998,26.9746,35.5835,1.03,8.17,160.95
2015-04-28T15:00:59.000Z,-148.09331833333334,-22.82809666666667,27.0125,35.5902,1.03,7.46,183.75
2015-04-28T16:00:59.000Z,-148.13953,-22.738106666666667,27.0188,35.5931,1.03,7.37,198.88
2015-04-28T17:00:00.000Z,-148.18300833333333,-22.640723333333337,26.9763,35.5937,1.04,10.47,205.9
2015-04-28T18:00:01.000Z,-148.20302166666667,-22.532618333333332,27.0507,35.5904,1.03,7.34,226.52
2015-04-28T19:00:02.000Z,-148.22353999999999,-22.420351666666672,27.2398,35.5647,1,8,198.08
2015-04-28T20:00:03.000Z,-148.24494666666664,-22.304243333333336,27.479,35.4842,1,9.79,190.38
2015-04-28T21:00:03.000Z,-148.26254166666666,-22.19061166666667,27.6959,35.4519,0.98,5.47,220.33
2015-04-28T22:00:04.000Z,-148.27982166666666,-22.077721666666665,27.8643,35.4248,0.97,8.07,221.99
2015-04-28T23:00:05.000Z,-148.310775,-21.941676666666662,27.8366,35.4312,0.97,6.05,203.62
2015-04-29T00:00:06.000Z,-148.34561333333335,-21.82421,27.9969,35.4162,0.97,8.77,179.67
2015-04-29T01:00:07.000Z,-148.39589666666666,-21.7064,28.2223,35.4002,0.98,5.35,205.92
2015-04-29T02:00:08.000Z,-148.45685833333332,-21.581725000000002,28.2295,35.3897,1,11.58,194.6
2015-04-29T03:00:08.000Z,-148.51908500000002,-21.459110000000003,28.2584,35.4479,1.03,11.49,195.81
2015-04-29T04:00:09.000Z,-148.58560833333337,-21.342189999999995,28.2986,35.4748,1.02,7.16,170.21
2015-04-29T05:00:10.000Z,-148.65801833333333,-21.23110833333333,28.3124,35.5362,1.04,8.93,172.13
2015-04-29T06:00:11.000Z,-148.73420833333336,-21.119626666666665,28.2732,35.5284,1.05,7.18,158.25
2015-04-29T07:00:12.000Z,-148.8144683333333,-21.01537833333333,28.0873,35.5027,1.02,9.39,154.41
2015-04-29T08:00:12.000Z,-148.88811166666667,-20.909521666666667,28.0192,35.4928,1.02,10.11,159.02
2015-04-29T09:00:13.000Z,-148.927785,-20.78932833333333,28.0723,35.5158,1.03,10.5,147.55
2015-04-29T10:00:14.000Z,-148.966375,-20.669569999999997,28.0658,35.5312,1.04,9.65,155.26
2015-04-29T11:00:15.000Z,-149.01462166666664,-20.55020833333333,28.0899,35.5519,1.07,12.85,136.54
2015-04-29T12:00:16.000Z,-149.05706666666669,-20.43563,28.0667,35.5474,1.06,11.46,143.77
2015-04-29T13:00:16.000Z,-149.10049666666666,-20.318735000000004,27.9104,35.5394,1.04,14.36,141.42
2015-04-29T14:00:17.000Z,-149.13302833333333,-20.198003333333336,28.0085,35.5684,1.04,13.74,145.38
2015-04-29T15:00:18.000Z,-149.15347166666666,-20.071696666666668,27.9981,35.5506,1.04,14.54,138.68
2015-04-29T16:00:19.000Z,-149.17838333333336,-19.94192333333333,27.983,35.5355,1.04,13.73,147.63
2015-04-29T17:00:20.000Z,-149.21744500000003,-19.815623333333335,28.2846,35.468,1.05,16,126.53
2015-04-29T18:00:21.000Z,-149.26289666666665,-19.687458333333336,28.3138,35.399,1.03,15.21,123.62
2015-04-29T19:00:21.000Z,-149.30599,-19.557565,28.5676,35.5615,1.08,16.69,126.04
2015-04-29T20:00:22.000Z,-149.339235,-19.445725,28.7198,35.6472,1.08,13.76,129.95
2015-04-29T21:00:23.000Z,-149.34894333333335,-19.34485833333333,28.5792,35.4767,1.04,16.99,124.06
2015-04-29T22:00:24.000Z,-149.3659966666667,-19.247915,28.851,35.6463,1.06,14.87,128.09
2015-04-29T23:00:25.000Z,-149.37752000000003,-19.146786666666667,28.8813,35.6741,1.1,16.12,119.6
2015-04-30T00:00:26.000Z,-149.39619833333333,-19.049011666666672,28.8846,35.6416,1.07,16.83,116.95
2015-04-30T01:00:26.000Z,-149.41796333333332,-18.95580166666667,28.8854,35.6524,1.1,14.33,120.02
2015-04-30T02:00:27.000Z,-149.43579,-18.861523333333334,28.8405,35.629,1.11,14.84,128.52
2015-04-30T03:00:28.000Z,-149.449915,-18.754595,28.9683,35.7451,1.08,17.5,127.73
2015-04-30T04:00:29.000Z,-149.46877833333335,-18.621341666666666,28.9565,35.7332,1.09,19.36,115.87
2015-04-30T05:00:30.000Z,-149.48816166666663,-18.481646666666666,29.0367,35.7653,1.12,22.12,111.67
2015-04-30T06:00:30.000Z,-149.50510833333334,-18.343096666666664,29.0303,35.7594,1.1,18.87,124.76
2015-04-30T07:00:31.000Z,-149.52772500000003,-18.34254833333333,28.9554,35.7381,1.1,20.38,104.51
